企　業　名,職種,22年度,,,,,23年度,,,,,24年度,,,,,25年度,,,,,26年度,,,,
,,機,知,情,生,電,機,知,情,生,電,機,知,情,生,環,機,知,情,生,環,機,知,情,生,環
(株)アートテクノロジー          　,Ｇ,,,,,,,,,,,,,,,,,,,,,,,,,
アール・ビー・コントロールズ(株)      ,Ｅ,,,,,,,,,,,,,,,,,,,,,,,,,
アイ・イー・グループ,Ｇ,,,,,,,,,,,,,,,,,,,,,,,,,
(株)アイエイアイ,Ｄ,,,,,,,,,,,1,,,,,,,,,,,,,,
(株)アイ・エス・システムズ,Ｇ,,,,,,,,1,,,,,,,,,,,,,,,,,
(株)ＡＴ情報研,Ｇ,,,,,,,,,,,,,,,,,,,,,,,,,
ＩＮＳエンジニアリング(株),Ｇ,,,,,,,,,,,,,,,,,,,,,,,,,
(株)アイ・エム・エス,Ｑ,,,,,,,,,,,,,,,,,,,,,,,,,
愛三工業(株)　　　　　　　　　   ,Ｅ,,,,,,,,,,,,,,,,,,,,,,,,,
アイシン・インフォテックス(株),Ｇ,,,,,,,,,,,,,2,,,,,,,,,,1,,
アイシン・エーアイ(株)　　　　　　　　 ,Ｅ,,,,,,,,,,,1,,,,,1,,,,,,,,,
アイシン・エィ・ダブリュ(株),Ｅ,,,,,,,,,,,,,,,,,,,,,,,,,
アイシン・エイ・ダブリュ工業(株)  ,Ｅ,,,,,,,,,,,,,,,,,,,,,,,,,
アイシンＡＷ精密(株),Ｅ,,,,,,,,,,,,,,,,,,,,,,,,,
アイシン・エンジニアリング(株),Ｑ,,,,,,,,,,,,,,,,1,,,,,,,,,
アイシン高丘(株),Ｅ,,,,,,,1,,,,,,,,,,,,,,,,,,
アイシン精機(株),Ｅ,,,,,,,,,,,,,,,,1,,,,,,,,,
アイセロ化学(株),Ｅ,,,,,,,,,,,,,,,,,,,,,,,,,1
愛知機械工業(株),Ｅ,,,,,,,,,,,,,,,,1,,,,,,,,,
アイチ情報システム(株),Ｇ,,,,,,,,,,,,,,,,,,,,,,,,,
愛知電機(株),Ｅ,,,,,,,,,,,,,,,,,,,,,,,,,
(株)アイディス,Ｇ,,,,,,,,,,,,,,,,,,,,,,,,,
愛知日産(株),Ｉ,,,,,,,,,,,,,,,,,,,,1,,,,,
(株)青山製作所               ,Ｅ,,,,,,,,,,,,,,,,,,,,,,,,,
(株)アクセス,Ｅ,,,,,,,,1,,,,,,,,,,,,,,,,,
アコン測量設計㈱,Ｄ,,,,,,,,,,,,,,,,,,,,1,,,,,
朝日スチール工業(株),Ｅ,,,,,,,,,,,,,,,,,,,,,,,,,
旭サナック（株）,Ｅ,,,,,,,,,,,,,,,,,,,,,,1,,,
アサヒフォージ(株),Ｅ,,,,,,,,,,,1,,,,,,,,,,,,,,
（株）アシストプラス,Ｇ,,,,,,,,,,,,,,,,,,,,,,1,,,
アース環境サービス(株),Ｒ,,,,,,,,,,,,,,1,,,,,,,,,,,
足立木材,Ｅ,,,,,,,,,,,,,,,,,,,,,,,,,
アツミテック(株),Ｅ,,,,,,,,,,,,,,,,1,,,,,,,,,
(株)アテック,Ｈ,,,,,,,,,,,,,,,,,,,,,,,,,
(株)アドヴァンスソフトエンジニアリング,Ｇ,,,,,,,,,,,,,,,,,,,,,,,,,
(株)アドヴィックス,Ｅ,,,,,,,,,,,,,1,,,,1,1,,,,,,,
(株)アドバンテスト　,Ｅ,,,,,,,,,,,,,,,,,,,,,,,,,
アネックスインフォメーション(株),Ｇ,,,,,,,,1,,,,,,,,,,,,,,,,,
アネス（株）,Ｄ,,,,,,,,,,,,,,,1,,,,,,,,,,
アパグル－プ(株),Ｋ,,,,,,,,,,,,,,,,,,,,,,,,,
(株)アバハウスインターナショナル,Ｉ,,,,,,,,,,,,,,,,,,,,,,,,,
(株)アバンセシステム,Ｇ,,,,,,,,,,,,,1,,,,,,,,,,,,
(株)アペックス和光,Ｄ,,,,,,,,,,,,,,,,,,,,,,,,,
(株)アマダワシノ,Ｅ,,,,,,,,,,,,,,,,,,,,,,,,,
(株)アミング,Ｉ,,,,1,,,,,,,,,,,,,1,,,,,,,,
(株)有沢製作所　　　,Ｅ,,,,,,,,,,,,,,,,,,,,,,,,,
(株)アルヴィオン,Ｇ,,,,,,,,,,,,,,,,,,,,,,,,,
(株)アルトナー,Ｒ,,,,,,,,,,,,,,,,,,,,,,,,,
(株)アルファシステムズ     ,Ｒ,,,,,,,,,,,,,,,,,,,,,,,,,
(株)アルプ,Ｌ,,,,,,,,,,,,,,,,,,,,1,,,,,
(株)アルプス技研,Ｒ,,,,,,,,,,,1,,,,,,,,,,,,,,
アロカ(株),Ｅ,,,,,,,,,,,,,,,,,,,,,,,,,
安全索道(株),Ｅ,,,,,,,,,,,,,,,,,,,,,,,,,
アンデン(株),Ｅ,1,,,,,,,,,,,,,,,,,,,,,,,,
(株)イートラスト                        （酒井無線・㈱近藤電機）,Ｇ,,,,,,,,,,,,,,,,,,,,,,,,,
(株)石川コンピュータ・センター,Ｇ,,,1,,,,,,,,,,2,,,,,,,,,,2,,
石川サンケン(株)　　　　　　　　   ,Ｅ,,,,,,,,,,,,,,,,,,,,,,,,,
(株)石野製作所,Ｅ,,,,,,,,,,,,,,,,,,,,,,,,,
(株)イースタン,Ｅ,1,,,,,,,,,,,,,,,,,,,,,,,,
イズ(株),Ｇ,,,1,,,,,,,,,,,,,,,,,,,,,,
(株)一源グループ,Ｉ,,,,,,,,,,,,,,,,,,,,,,,,,
(株)市川工務店,Ｄ,,,,,,,,,,,,,,,1,,,,,,,,,,
(株)壱番屋,Ｉ,,,,,,,,,,,,,,,,,,,,,,,,,
一般財団法人岐阜県市町村行政情報センター,Ｇ,,,,,,,,,,,,,1,,,,,,,,,,,,
㈱伊藤精密製作所,Ｅ,,,,,,,,,,,,,,,,,,,,,,,,,
(株)ＩＮＡＸ　　　　,Ｅ,,,,,,,,,,,,,,,,,,,,,,,,,
稲菱テクニカ(株),Ｅ,,,,,,,,,,,,,,,,,,,,,,,,,
(株)イノアックコーポレーション,Ｅ,,,,,,,,,,,,,,,,,1,,,,,,,,
(株)今仙電機製作所　          ,Ｅ,,,,,,,,,,,1,,,,,1,1,,,,,,,,
(株)イマージュ,Ｉ,,,,,,,,,,,,,,1,,,,,,,,,,,
井村屋(株),Ｅ,,,,,,,,,,,,,,,,,,,1,,,,,,
岩瀬コスファ(株),Ｉ,,,,1,,,,,,,,,,,,,,,,,,,,,
インターフェイス(株),Ｇ,,,,,,,,,,,,,,,,,,,,,,,,,
(株)インテックソリューションパワー　　　　　　　,Ｇ,,,,,,,,,,,,,,,,,,,,,,,,,
(株)ヴィッツ,Ｇ,,,,,,,,,,,,,,,,,,,,,,,,,
(株)ウイル,Ｑ,,,,,,,,,,,,,,,,,,,,,,,,,
(株)ウイルコ                           (旧ウイル・コーポレーション）,Ｑ,,,,,,,,,,,,,,,,,,,,,,,,,
宇都宮工業(株),Ｅ,1,,,,,,,,,,,,,,,,,,,,,,,,
(株)生方製作所,Ｅ,,,,,,,,,,,,,,,,,,,,,,,,,
ウラセ(株),Ｅ,,,,,,,,,,,,,,,,,,,,,,,,,
エアーニッポン(株) ,Ｇ,,,,,,,,,,,,,,,,,,,,,,,,,
えいすうグループ,Ｏ,,,,,,,,,,,,,,,,,,,,,,,,,
(株)エイチアンドエフ,Ｅ,,,,,,,,,,,,,,,,,,,,,,,,,
ＨＬＳ,Ｑ,,,,,,,,,,,,,,,,,,,,,,,,,
エスアールエル(株),Ｅ,,,,,,,,,,,,,,,,,,,1,,,,,,
エースアカデミー,Ｏ,,,,,,,,,,,,,,,,,,,,,,,,,
ＳＵＳ（株）,Ｅ,,,,,,,,,,,,,,,,,,,,,,,1,,
(株)エクセディ,Ｅ,1,,,,,,,,,,,,,,,,,,,,,1,,,
エクセル(株),Ｅ,,,,,,,,,,,,,,,,,,,,,,,,,
（株）エスラインギフ,Ｈ,,,,,,,,,,,,,,,,,,,,,,1,,,
ＦＦＣシステムズ　,Ｇ,,,,,,,,,,,,,,,,,,,,,,,,,
ＮＥＣ（日本電気）(株),Ｅ,,,,,,,,,,,,,,,,,,,,,,,,,
ＮＥＣエンジニアリング(株)　　　　　 ,Ｇ,,,,,,,,,,,,,,,,,,,,,,,,,
ＮＥＣソフトウエア北陸(株)      ,Ｇ,,,,,,,,1,,,,,1,,,,1,,,,,,,,
ＮＥＣソリューションイノベータ（株）,Ｇ,,,,,,,,,,,,,,,,,,,,,,,1,,
エヌ・エス・ファインメタル(株)　　　　　   ,Ｅ,,,,,,,,,,,,,,,,,,,,,,,,,
(株)ＮＳコンピュータサービス,Ｇ,,,,,,,,,,,,,,,,,,,,,,,,,
(株)ＮＴＣ,Ｇ,,,,,,,,1,,,,,,,,,,,,,,1,,,
ＮＴＴ(株) 　　　　,Ｇ,,,,,,,,,,,,,,,,,,,,,,,,,
ＮＴＴ-ＡＴシステムズ(株) ,Ｇ,,,,,,,,,,,,,,,,,,,,,,,,,
ＮＴＴ－ＭＥ,Ｇ,,,,,,,,,,,,,,,,,,,,,,,,,
(株)ＮＴＴドコモ北陸　　　　,Ｇ,,,,,,,,,,,,,,,,,,,,,,,,,
(株)ＮＴＴネオメイト　　,Ｇ,,,,,,,,1,,,,,,,,,,,,,,,,,
(株)ＮＴＴデータ北陸,Ｇ,,,,,,,,1,,,,,1,,,,,,,,,,,,
(株）ＮＴＴフィールドテクノ,Ｇ,,,,,,,,,,,,,,,,,,,,,,1,,,
(株)エヌビーシー,Ｅ,,,,,,,,,,,,,,,,,,,,,,,,,
(株)エヌワ－ク　　　,Ｅ,,,,,,,,,,,,,,,,,,,,,,,,,
榎本工業(株)       ,Ｅ,,,,,,,,,,,,,,,,,,,,,,,,,
荏原商事(株)       ,Ｉ,,,,,,,,,,,,,,,,,,,,,,,,,
(株)荏原製作所　　　,Ｅ,,,,,,,,,,,,,,,,,,,,,,,,,
ＦＦＣシステムズ　,Ｇ,,,,,,,,,,,,,,,,,,,,,,,,,
ＭＣＯＲ（エムコア）,Ｇ,,,,,,,,,,,,,,,,,,,,,,,,,
ＭＴＫ(株)　　　　　　　　　  ,Ｅ,,,,,,,,,,,,,,,,,,,,,,,,,
エンシュウ(株) 　　,Ｅ,,,,,,,,,,,,1,,,,1,,,,,,,,,
エンゼルプレイングカード（株）,Ｉ,,,,,,,,,,,,,,,,,,,,,,,,1,
大岡技研（株）,Ｅ,,,,,,1,,,,,,,,,,,,,,,,,,,
オークマ(株）,Ｅ,,,,,,,,,,,,1,,,,,,,,,,,,,
大阪ソフトハウス㈱,Ｑ,,,,,,,,,,,,,,,,,,,,,,,,,
(株)大阪製薬,Ｅ,,,,,,,,,1,,,,,,,,,,,,,,,,
大谷工業(株) 　　　,Ｅ,,,,,,,,,,,,,,,,,,,,,,,,,
岡谷電機産業(株)   ,Ｅ,,,,,,,,,,,,,,,,,,,,,,,,,
沖ソフトウエア関西(株)  ,Ｇ,,,,,,,,,,,,,,,,,,,,,,,,,
小木曽工業(株),Ｅ,,,,,,,,,,,,,,,,,,,,,,,,,
(株)オスポック,Ｇ,,,1,,,,,,,,,,,,,,,,,,,,,,
オスラム･メルコ(株),Ｅ,,,,,,,,,,,,,,,,,,,,,,,,,
奥野山製作所,Ｅ,,,,,,,,,,,,,,,,,,,,,,,,,
オリオン機械(株),Ｅ,,,,,,,,,,,,,,,,,1,,,,,,,,
オリオン電機(株),Ｅ,,,,,,,,,,,,,,,,,,,,,,,,,
音羽電機工業(株),Ｅ,,1,,,,,,,,,,,,,,,,,,,,,,,
ＯＳＧ（株）,Ｅ,,,,,,,,,,,,,,,,,,,,,1,,,,
(株)カーネルコンセプト,Ｈ,,,,,,,,,,,,,,,,,,,,,,,,,
カーネルソフトエンジニアリング(株),Ｇ,,,,,,,,1,,,,,,,,,,,,,,,,,
ガイオ・テクノロジー(株)　　　　 ,Ｈ,,,,,,,,,,,,,,,,,,,,,,,,,
かがつう(株),Ｅ,1,,,,,,,,,,,,,,,,,,,,,,,,
(株)柿本商会,Ｄ,,,,,,,,,,,,,,,,,,,,,,1,,,1
(株)  香月堂,Ｅ,,,,,,,,,1,,,,,,,,,,,,,,,,
(株)鹿島塾,Ｏ,,,,,,,,,,,,,,,,,,,,,,,,,
(株)梶川建設,Ｄ,,,,,,,,,,,,,,,1,,,,,,,,,,
㈱片山製薬所,Ｅ,,,,,,,,,,,,,,,,,,,1,,,,,1,
カテナ(株)　　     ,Ｇ,,,,,,,,,,,,,,,,,,,,,,,,,
(株)金井機械設計事務所,Ｌ,,,,,,,,,,,,,,,,,,,,,,,,,
兼房㈱,Ｅ,,,,,,,,,,,1,,,,,,,,,,,,,,
(株)金沢エンジニアリングシステムズ,Ｈ,,,,,,,,,,,,,,,,,,,,,,,,,
上賀茂縫工(有),Ｅ,,,,,,,,,,,,,,,,,,,,,,,,,
ＫＹＢ(株)（カヤバ工業）,Ｅ,,,,,,,,,,,,,,,,,1,,,,,,,,
加茂精工㈱,Ｅ,,,,,,,,,,,,,,,,1,,,,,,,,,
河合電気工事(株) 　,Ｅ,,,,,,,,,,,,,,,,,,,,,,,,,
川重岐阜エンジニアリング(株)          ,Ｅ,,,,,,,,,,,,,,,,,,,,,,,,,
川重冷熱工業(株)　　　,Ｅ,,,,,,,,,,,,,,,,,,,,,,,,,
川田工業(株) 　　　,Ｄ,,,,,,,,,,,,,,,,1,,,,1,,,,,
(株)川副機械製作所　,Ｅ,,,,,,,,,,,,,,,,,,,,,,,,,
(株)川本製作所,Ｅ,,,,,,,,,,,,,,,,,,,,,,,,,
関西三菱電機プラントサービス(株)      ,Ｇ,,,,,,,,,,,,,,,,,,,,,,,,,
関東自動車工業(株),Ｅ,,,,,,,,,,,,,,,,,,,,,,,,,
関電工,Ｄ,,,,,,,,,,,,,,,,,,,,,,,,,
ＨＬＳ,Ｅ,,,,,,,,,,,,,,,,,,,,,,,,,
(株)喜多村合金製作所,Ｅ,,,,,,,,,,,,,,,,,,,,,,,,,
(株)北村製作所,Ｅ,1,1,,,,,,,,,,,,,,,,,,,,,,,
岐阜県信用農業協同組合連合会,Ｑ,,,,,,,,,,,,,,,,,,,,,,,,,
岐阜車体工業(株),Ｅ,,,,,,,,,,,,1,,,,,,,,,,,,,
ギフハイテック(株),Ｅ,,1,,,,,,,,,,,,,,,,,,,,,,,
岐阜プラスチック工業(株)  ,Ｅ,,,,,,,,,,,,,,,,,1,,,,1,,,,
キヤノン㈱,Ｅ,,,,,,,,,,,,,,,,,,,,,,,,,
キヤノンシステムアンドサポート(株)(旧キヤノンコピア販売),Ｉ,,,,,,,,,,,,,,,,,,,,,,,,,
キャノンイメージングシステムズ（株）,Ｇ,,,,,,,,,,,,,,,,,,,,,,,1,,
協栄産業(株),Ｅ,,,,,,,,,,,,,,,,,,,,,,,,,
京セラ(株) 　　　　,Ｅ,,,,,,,,,,,,,,,,,,,,,,,,,
京セラミタ(株)     ,Ｅ,,,,,,,,,,,,,,,,,,,,,,,,,
京都電機器(株)　　　,Ｅ,,,,,,,,,,,,,,,,,,,,,,,,,
共立コンピューターサービス(株),Ｇ,,,,,,,,,,,,,,,,,,,,,,,,,
キョーリンリメディオ（株）,Ｅ,,,,,,,,,,,,,,,,,,,,,,,,1,
協和医療器械,Ｉ,,,,,,,,,,,,,,,,,,,,,,,,,
(株)京和製作所　　　　　　　　　  ,Ｅ,,,,,,,,,,,,,,,,,,,,,,,,,
キステム（株）,Ｇ,,,,,,,,,,,,,,,,,,,,,,,1,,
キムラ㈱,Ｉ,,,,,,,,,,,,,,,,,,,,,,,,1,
㈱キールスタッフィング,Ｇ,,,,,,,,,,,,,,,,,,,1,,,,,,
金陵電機(株) 　　　,Ｅ,,,,,,,,,,,,,,,,,,,,,,,,,
(株)久世ベローズ工業所,Ｅ,,,,,,,1,,,,,,,,,,,,,,,,,,
クオレ（株）,Ｉ,,,,,,,,,,,,,,,,,,,,,,,,1,
クラスター(株),Ｅ,,,,,,,,,,,,,,,,,,,,,,,,,
（株）クリエ,Ｒ,,,,,,,,,,,,1,,,,,,,,,,,,,
桑名エンジニアリングプラスチック(株)              ,Ｅ,,,,,,,,,,,,,,,,,,,,,,,,,
(株)桑山貴金属　　,Ｅ,,,,,,,,,,,,,,,,,,,,,,,,,
グッドウィル・エンジニアリング,Ｑ,,,,,,,,,,,,,,,,,,,,,,,,,
特別医療法人財団薫仙会,Ｐ,,,,,,,,,,,,,,,,,,,,,,,,,
京葉工管(株),Ｄ,,,,,,,,,,,1,,,,,,,,,,,,,,
(株)ゲオ,Ｉ,,,,,,,,,,,,,,,,,,,,,,,,,
ＫＶＫ(株),Ｅ,,,,,,,,,,,,,,,,,,,,,,,,,
（株）小糸製作所,Ｅ,1,,,,,,,,,,,,,,,,,,,,,,,,
虹技（株）（こうぎ）,Ｅ,,,,,,1,,,,,,,,,,,,,,,,,,,
鴻池メディカル（株）,Ｌ,,,,,,,,,,,,,,,,,,,,,,,,1,
（株）幸建,Ｄ,,,,,,,,,,,,,,,,,,,1,,,,,,
(株)光電舎,Ｅ,,,,,,,,,,,,,,,,,,,,,,,,,
光生アルミニューム工業(株),Ｅ,,,,1,,,,,,,,,,,,,,,,,,,,,
光洋メタルテック,Ｅ,,,,,,,,,,,,,,,,,,,,,,,,,
国際電気セミコンダクタサービス                        (旧国際電気システムサービス(株),Ｑ,,,,,,,,,,,,,,,,,,,,,,,,,
(株)コジマ,Ｉ,1,,,,,,,,,,,,,,,,,,,,,,,,
(株)コージン,Ｅ,,,,,,,,,,,,,,,,,,,,,,,,,
（株）コスモサミット,Ｇ,,,,,,,,,,,,,,,,,,1,,,,,,,
小林化工(株),Ｅ,,,,,,,,,,,,,,,,,,,1,,,,,,
コマツ工機(株),Ｅ,,,,,,,,,,,,,,,,,,,,,,,,,
小松ウオール工業(株),Ｅ,,,,,,,,,,,,,,,,,,,,,,,,,
（株）小松製作所,Ｅ,1,,,,,1,,,,,,,,,,,,,,,,,,,
小松電子(株）,Ｇ,,,,,,,,,,,,,,,,,,,,,,,,,
小松精練（株）,Ｅ,,,,,,,1,,,,,,,,,,,,,,,,,,
(株)コヤマ,Ｅ,,,,,,,,,,,1,,,,,,,,,,,,,,
(株)ゴール,Ｅ,,,,,,,,,,,,,,,,,,,,,,,,,
コーワメックス(株),Ｒ,,,,,,,,,,,,,,,,,,1,,,,,,,
(株)小楠金属工業所　,Ｅ,,,,,,,,,,,,,,,,,,,,,,,,,
湖北精工(株),Ｅ,,,,,,,,,,,,,,,,,,,,,,,,,
坂部工業(株),Ｅ,,,,,,,,,,,,1,,,,,,,,,,,,,
栄屋乳業,Ｅ,,,,,,,,,,,,,,,,,,,1,,,,,1,
サカエ理研工業（株）,Ｅ,,,,,,,,,,,,,,,,,,,,,,1,,,
(株)酒重,Ｉ,,,,,,,,,1,,,,,,,,,,,,,,,,
(株)ザクシスヤズ,Ｇ,,,,,,,,,,,,,,,,,,,,,,,,,
（株）サクラ,Ｉ,,,,,,,,,,,,,1,,,,,,,,,,,,
(株)三栄水栓製作所,Ｅ,,,,,,,,,,,,,,,,,,,,,,,,,
三英電業(株),Ｅ,,,,,,,,,,,,,,,,,,,,,,,,,
三栄ハイテックス,Ｇ,,1,,,,,,,,,,,,,,,,,,,,,,,
サンエ－電機(株),Ｅ,,,,,,,,,,,,,,,,,,,,,,,,,
山金工業(株),Ｅ,,,,,,,,,,,,,,,,,,,,,,,,,
３Ｑグル－プ,Ｉ,,,,,,,,,,,,,,,,,,,,,,,,,
三協(株),Ｉ,,,,,,,,,,,,,,,,,,,,,,,,,
サンクス(株),Ｅ,,,,,,,,,,,,,,,,,,,,,,,,,
サンテクノ(株),Ｇ,,,,,,,,,,,,,,,,,,,,,,,,,
三恵工業（自社企業）,Ｄ,,,,,,,,,,,1,,,,,,,,,,,,,,
三恵工業（株）,Ｅ,,,,,,1,,,,,,,,,,,,,,,,,,,
（株）三五,Ｅ,,,,,,,,,,,,,,,,,,,,,,,,,
（株）三洋化学研究所,Ｅ,,,,,,,,,,,,,,,,,,,,,,,,1,
サンリッツ,Ｅ,,,,,,,,,,,,,,,,,,,,,,,,,
三和油化工業（株）,Ｅ,,,,,,,,,,,,,,1,1,,,,,,,,,,
(株)三社電機製作所,Ｅ,,,,,,,,,,,,,,,,,,,,,,,,,
三明機工(株),Ｅ,,,,,,,,,,,,,,,,,,,,,,,,,
三明電子産業(株),Ｅ,,,,,,,,,,,,,,,,,,,,,,,,,
サンエツ金属（株）,Ｅ,,,,,,,,,,,,,,,,,,,,,1,,,,
（株）サンヨー,Ｅ,,,,,,,,,,,,,,,,,,,,,,,1,,
(株)シーアールイー,Ｅ,,,,,,,,,,,,,,,,,,,,,,,,,
(株)シーアールイー上と同じ業種違い,Ｒ,,,,,,,,,,,,,,,,1,,,,,,,,,
(株)シーイーシ　　　　　　  ,Ｇ,,,,,,,,,,,,,,,,,,,,,,,,,
シーシーアイ(株),Ｅ,,,,,,,,,,,,,,,,,,,,,,,,,
ＣＫＤ(株) 　　　　,Ｅ,,,,,,,,,,,,,,,,,,,,,,,,,
ＣＳＥ,Ｇ,,,,,,,,,,,,,,,,,,,,,,,,,
（株）シーテック,Ｄ,,,,,,,,,,,,,,,,1,,,,,,,,,
(株)シーテック　中部電力グループ,Ｅ,,,,,,,,,,,,,,,,,,,,,,,,,
(株)シーテック　人材派遣,Ｒ,,,,,,,,,,,,,,,,,,,,,,,,,
ＪＡあいち三河,Ｑ,,,,,,,,,,,,,,,,,,,,,,,,,
ＪＡおおぞら,Ｑ,,,,,,,,,,,,,,,,,,,,,,,,,
ＪＡ金沢,Ｑ,,,,,,,1,,,,,,,,,,,,,,,,,,
(株)ジェイエスエス  ,Ｇ,,,1,,,,,,,,,,,,,,,,,,,,,,
(株)ジェイテック,Ｒ,,1,,,,,,,,,,,,,,,,,,,,,,,
(株)ジェイマックスソフト,Ｇ,,,,,,,,,,,,,1,,,,,,,,,,,,
Ｊマテ.カッパープロダクツ（株）,Ｅ,,,,,,,,,,,,,,,,1,,,,,,,,,
(株)ジェスクホリウチ,I,,,1,,,,,,,,,,,,,,,,,,,,,,
(株)Ｊ・Ｂ・Ｈ,Ｄ,,,,,,,,,,,,,,,,,,,,,,,,,
(株)ＪＣＳコンピュータ・サービス,Ｇ,,,1,,,,,,,,,,,,,,,,,,,,,,
(株)ジェイ・ティ,Ｇ,,,,,,,,,,,,,,,,,,,,,,,,,
(株)ＧＳユアサコーポレーション,Ｅ,,,,,,,,,,,,,,,,,,,,,,,,,
シオノギテクノアドバンスリサーチ㈱ ,Ｅ,,,,,,,,,,,,,,,,,,,1,,,,,,
(株)静岡システムテクノロジー,Ｇ,,,,,,,,,,,,,,,,,,,,,,,,,
(株)システック,Ｌ,,,,,,,,,,,,,1,,,,,,,,,,,,
(株)システックス,Ｇ,,,,,,,,,,,,,,,,,,,,,,,,,
(株)システムコーディネート,Ｇ,,,,,,,,1,,,,,,,,,,,,,,,,,
(株)システムサポート,Ｇ,,,,,,,,,,,,,,,,,,,,,,,,,
(株）システムプロ,Ｑ,,,,,,,,,,,,,,,,,,,,,,,,,
(株）システムリサーチ,Ｇ,,,,,,,,,,,,,,,,,,1,,,,,,,
シナノケンシ(株),Ｅ,,,,,,,1,,,,,,,,,,,,,,,,,,
芝浦メカトロニクス(株)  ,Ｅ,,,,,,,,,,,,,,,,,,,,,,,,,
柴田工業(株),Ｅ,,,,,,,,,,,,,1,,,,,,,,,,,,
渋谷工業(株) 　　　　,Ｅ,,,,,,,,,,,,,,,,,,,,,,,,,
(株)島精機製作所,Ｅ,,,,,,,,,,,,,,,,,,,,,,,,,
島津メディカルシステムズ（株）,Ｉ,,,,,,,,,,,,,,,,,,,,,,,,,
シミズ工業(株)　　　　　　　　　　,Ｅ,,,,,,,,,,,,,,,,,,,,,,,,,
シロキ工業(株),Ｅ,,,,,,1,,,,,1,,,,,,,,,,,1,,,
(株）ジェイマックソフト,Ｇ,,,,,,,,,,,,,,,,,,,,,,1,,,
シャ－プ(株),Ｅ,,,,,,,,,,,,,,,,,,,,,,,,,
シャルマン（株）,Ｅ,,,,,,,1,,,,,,,,,,,,,,,,,,
将八　　　　　　　　　　　　 　,Ｍ,,,,,,,,,,,,,,,,,,,,,,,,,
情報戦略研究所,Ｑ,,,,,,,,,,,,,,,,,,,,,,,,,
ジャコム石川,Ｉ,,,,,,,,,,,,,,,,,,,,,,,,,
(株)ジャステック　　,Ｇ,,,,,,,,,,,,,,,,,,,,,,,,,
(株)ジャックコーポレーション,Ｉ,,,,,,,,,,,,,,,,,,,,,,,,,
ジャパンパイル(株),Ｄ,,,,,,,,,,,,,,,,,,,,1,,,,,
(株）ジャパンビバレッジホールディングス,Ｉ,,,,,,,,,1,,,,,,,,,,,,,,,,
(株)ジャパンフレッシュ,Ｅ,,,,,,,,,1,,,,,,,,,,,,,,,,
(株)シャンティル・キタガミ,Ｉ,,,,,,,,,,,,,,,,,,,,,,,,,
伸晃化学(株)　　　　　,Ｅ,,,,,,,,,,,,,,,,,,,,,,,,,
(株)新巧社　　　　　　,Ｅ,,,,,,,,,,,,,,,,,,,,,,,,,
新光電気工業(株) 　,Ｅ,,,,,,,,,,,,,,,,,,,,,,,,,
新興プランテック（株）,Ｄ,,,,,,,,,,,,,,,,,,,,,,,,,
新神戸電機(株) 　　,Ｅ,,,,,,,,,,,,,,,,,,,,,,,,,
シンコ－ル(株) 　　,Ｉ,,,,,,,,,,,,,,,,,,,,,,,,,
新東工業(株)　　　　　,Ｅ,,,,,,,,,,,1,1,,,,,,,,,,1,,,
新道繊維工業(株)　　　,Ｅ,,,,,,,,,,,,,,,,,,,,,,,,,
新日軽(株) 　　　　,Ｅ,,,,,,,,,,,,,,,,,,,,,,,,,
新日本無線(株) 　　,Ｅ,,,,,,,,,,,,,,,,,,,,,,,,,
新明和工業(株),Ｅ,,,,,,,,,,,,,,,,,,,,,,,,,
須賀工業(株) 　　,Ｅ,,,,,,,,,,,,,,,,,,,,,,,,,
スギ製菓(株),Ｅ,,,,,,,,,,,,,,1,,,,,,,,,,,
(株)スクエアシステムズ,Ｇ,,,,,,,,,,,,,,,,,,,,,,,,,
(株）鈴木　（長野県）,Ｅ,,,,,,,,,,,,,,,,,,,,1,,,,,
スズキ,Ｅ,,,,,,,,,,,,,,,,,,,,,,1,,,
スズキ自販富山　             ,Ｉ,,,,,,,,,,,,,,,,,,,,,,,,,
スター精密(株）,Ｅ,,,,,,,,,,,,,,,,,,,,,,,,,
スタンレー電気,Ｅ,,,,,,,,,,,,,,,,,,,,,,,,,
（株）スピリッツ,Ｒ,,,,1,,,,,,,,,,,,,,,,,,,,,
住電エレクトロニクス(株）,Ｅ,,,,,,,,,,,,,,,,,,,,,,,,,
住友電工プリントサーキット(株),Ｅ,,,,,,,,,,,,,,,,,,,,,,,,,
住友電設(株),Ｄ,,,,,,,,,,,,,,,,,,1,,,,,,,
住友電装(株),Ｅ,,,,,,,,,,,,1,,,,,,,,,,,,,
住友電装コンピュータシステム(株),Ｇ,,,,,,,,,,,,,,,,,,,,,,,,,
(株)栖谷工務店　　　,Ｅ,,,,,,,,,,,,,,,,,,,,,,,,,
正和建設,Ｄ,,,,,,,,,,,,,,,,,,,,,,,,,
セイコーエプソン（株）,Ｅ,,,,,,,,,,,,,,,,,,,,,,,,,
生晃栄養薬品（株）,Ｅ,,,,,,,,,,,,,,,,,,,,,,,,1,
セーレン,Ｅ,,,,,,,,,,,,,,,,,,,,,,,,,
西濃運輸(株) 　上場名　セイノーホールディングス(株)　,Ｈ,,,,,,,,,,,,,,,,,,,,,,,,,
静菱コンピュータ,Ｇ,,,,,,,,,,,,,,,,,,,,,,,,,
(株)関ヶ原製作所　　,Ｅ,,,,,,,,,,,,,,,,,,,,,,,,,
セキスイハイム東海㈱,Ｋ,,,,,,,,,,,,,,,,,,,,1,,,,,
セキ技研(株),Ｅ,,,,,,,,,,,,,,,,,,,,,,,,,
ゼネラルエンジニアリング(株),Ｒ,,,,,,,,,,,,1,,,,,,,,,,,,,
セントラルコンベア(株)    ,Ｅ,,,,,,,,,,,,,,,,,,,,,,,,,
(株)総合システムサービス,Ｇ,,1,,,,,,,,,,,,,,,,,,,,,,,
(株)ソディック,Ｅ,,,,,,,,,,,1,,,,,,,,,,,,,,
(株)ソディックプラステック　　　   ,Ｅ,,,,,,,,,,,,,,,,,,,,,,,,,
ソニーイーエムシーエス㈱,Ｅ,,,,,,,,,,,,,,,,,,,,,,,,,
ソニーケミカル＆インフォメーションデバイス,Ｅ,,,,,,,,,,,,,,,,,,,,,,,,,
ソニー根上(株)　　　,Ｅ,,,,,,,,,,,,,,,,,,,,,,,,,
(株)園田ガスセンター　,Ｆ,,,,,,,,,,,,,,,,,,,,,,,,,
(株)ソフィックス名古屋    ,Ｇ,,,,,,,,,,,,,,,,,,,,,,,,,
ソフトウエア開発(株)　,Ｇ,,,,,,,,,,,,,,,,,,,,,,,,,
ソフトウエア興業(株)　,Ｇ,,,1,,,,,,,,,,,,,,,,,,,,,,
（株）ソフトウェアサービス,Ｇ,,,,,,,,,,,,,,,,,,,,,,,,,
ソフトウエア情報開発(株）,Ｇ,,,,,,,,,,,,,,,,,,,,,,,,,
(株)ソフトウェーブ　　　　　　　　　　,Ｉ,,,,,,,,,,,,,,,,,,,,,,,,,
(株)ソフトバンク金沢,Ｇ,,,,,,,,,,,,,,,,,,,,,,,,,
ソラン北陸（株）,Ｇ,,,,,,,,1,,,,,1,,,,,,,,,,,,
(株)第一技研,Ｑ,,,,,,,,,,,,,,,,,,,,,,,,,
(株)第一コンピュータリソース,Ｇ,,,,,,,,1,,,,,1,,,,,,,,,,,,
(株)第一システムエンジニアリング  ,Ｅ,,,,,,,,,,,,,,,,,1,,,,,,,,
第一電気工業（株）,Ｄ,,,,,,,,,,,,1,,,,,,,,,,,,,
ダイキン工業(株) 　,Ｅ,,,,,,,,,,,,,,,,,,,,,,,,,
ダイシン工業(株) 　,Ｅ,,,,,,,,,,,,,,,,,,,,,,,,,
大進精工（株）,Ｅ,,,,,,1,,,,,,,,,,,,,,,,,,,
大成化工(株),Ｅ,1,,,,,,,,,,,,,,,,,,,,,,,,
大鉄工業（株）,Ｄ,,,,,,,,,,,,,,,,,,,,,,,,,1
(株) ダイセキ,Ｅ,,1,,,,,,,,,,,,,,,,,,,,,,,
（株）タイックス,Ｅ,,,,,,,,,,,1,,,,,,,,,,,,,,
タイテック（株）　　　,Ｅ,,,,,,,,,1,,,,,,,,,,,,,,,,
大同コンサルタンツ（株）,Ｄ,,,,,,,,,,,,,,,,,,,,1,,,,,
大同特殊鋼(株)     ,Ｅ,,,,,,,,,,,,,,,,,,,,,,,,,
大日電子(株) 　　　,Ｅ,,,,,,,,,,,,,,,,,,,,,,,,,
大明化学工業（株）,Ｅ,,,,,,1,,,,,,,,,,,,,,,,,,,
(株)ダイフク　　　　,Ｅ,,,,,,,,,,,,,,,,,,,,,,,,,
太平洋工業(株)                ,Ｅ,,,,,,,,,,,,,,,,,,,,,,,,,
高松機械工業（株）,Ｅ,,,,,,,,,,,,1,,,,,,,,,,,1,,
大豊建設(株) 　　　,Ｄ,,,,,,,,,,,,,,,,,,,,,,,,,
大豊工業(株) 　　　,Ｅ,,,,,,,,,,,,,,,,,,,,,,,,,
(株)ダイヤソフテック         ,Ｇ,,,,,,,,,,,,,,,,,,,,,,,,,
太陽精機(株) 　　　,Ｅ,,,,,,,,,,,,,,,,,,,,,,,,,
大洋電機(株) 　　　,Ｅ,,,,,,,,,,,,,,,,,,,,,,,,,
ダイワ(株),Ｅ,,,,,,,,,,,,,,,,,,,,,,,,,
大和機工(株),Ｅ,,,,,,,,,,,,,,,,,,,,,,,,,
高木産業（株）,Ｅ,,,,,,,,,,,,,,,,,,,,,,,,,
（株）高木製作所,Ｅ,,,,,,,,,,,,,,,,,,,,,,,,,
高島屋日発工業(株),Ｅ,,,,,,,,,,,,,,,,,,,,,,,,,
タカノ（株）,Ｅ,,,,,,,,,,,,,,,,,,,,,,,,,
宝グループ        ,Ｇ,,,,,,,,,,,,,,,,,,,,,,,,,
(株)タスク,Ｇ,,,,,,,,,,,,,,,,1,,,,,,,,,
辰巳化学（株）,Ｅ,,,,,,,,,,,,,,,,,,,,,,,,1,
タック(株),Ｇ,,,,,,,,,,,,,,,,,,,,,,,,,
ダッド,Ｇ,,,,,,,,,,,,,,,,,,,,,,,,,
タケダ機械(株) 　　,Ｅ,,,,,,,,,,,,,,,,,,,,,,,,,
竹田設計工業（株）,Ｌ,,,,,,1,,,,,,,,,,,,,,,,1,,,
タケチ工業ゴム(株) ,Ｅ,,,,,,,,,,,,,,,,,,,,,,,,,
武生松下電器(株) 　,Ｅ,,,,,,,,,,,,,,,,,,,,,,,,,
(株)田中製作所　　　,Ｅ,,,,,,,,,,,,,,,,,,,,,,,,,
タバイエスペック(株) ,Ｅ,,,,,,,,,,,,,,,,,,,,,,,,,
ＷＤＢエウレカ(株),Ｒ,,,,,,,,,1,,,,,,,,,,,,,,,,
多摩川精機,Ｅ,,,,,,,,,,,,,,,,,,,,,,,,,
玉川物産㈱,Ｒ,,,,,,,,,,1,,,,,,,,,,,,,,,
(株)タミヤ,Ｅ,,,,,,,,,,,,,,,,,,,,,,,,,
丹波鋳造（株）,Ｅ,,1,,,,,,,,,,,,,,,,,,,,,,,
（株）ＴＢエンジニアリング,Ｅ,,,,,,,,,,,,,,,,,1,,,,,,,,
知多鋼業（株）,Ｅ,,,,,,,,,,,1,,,,,,,,,,,,,,
（株）中央エンジニアリング,Ｅ,,,,,,,,,,,,,,,,1,,,,,,,,,
中央コンサルタンツ（株）,Ｄ,,,,,,,,,,,,,,,1,,,,,,,,,,
中信アスナ（株）,Ｄ,,,,,,,,,,,,,,,,,,,,1,,,,,
(株)中央電機産業,Ｅ,,,,,,,,,,,,,,,,,,,,,,,,,
㈱中央設計技術研究所,Ｆ,,,,,,,,,,,,,,,,,,,,,,,,,1
(株)中部,Ｅ,,,,,,,,,,,,,,,,,,,,,,,,,
(株)中部技術サービス,Ｋ,,,,,,,,,,,,,,,,,,,,,,,,,
中部ソフト・エンジニアリング(株),Ｇ,,,,,,,,,,,,,,,,,,,,,,,,,
(株)中部プラントサービス,Ｅ,,,,,,,,,,,,,,,,,,,,,,,,,
中部松下システム(株),Ｇ,,,,,,,,,,,,,,,,,,,,,,,,,
中日新聞社,Ｇ,,,,,,1,,,,,,,,,,,,,,,,,,,
中菱エンジニアリング（株）,Ｅ,,,,,,,,,,,,,,,,,1,,,,,,,,
ツキオカフィルム製薬（株）,Ｅ,,,,,,,,,,,,,,1,,,,,,,,,,,
津田駒工業(株),Ｅ,,,,,,,,,,,,2,,,,1,,,,,,,,,
ＴＨＫ(株),Ｅ,,,,,,,1,,,,,,,,,,,,,,,,,,
ＴＲＩ情報システム(株),Ｇ,,,,,,,,,,,,,,1,,,,,,,,,,,
ＴＩＳ（株）,Ｇ,,,,,,,,,,,,,,,,,,,,,,,1,,
(株)ＴＳＳ,Ｅ,,,,,,,,,,,,,,,,,,,,,1,,,,
ＴＦＢファクトリーズ（株）,Ｅ,,,,,,,,,,,,,,,,,,,,,,,,,
(株)ティエスティ,Ｑ,,,,,,,,,,,,,,,,,,,,,,,,,
ＴＣＭ(株)                             (旧東洋運搬機）     ,Ｅ,,,,,,,,,,,,,,,,,,,,,,,,,
(株)ディジタル・ツーカ北陸,Ｇ,,,,,,,,,,,,,,,,,,,,,,,,,
(株)ティーネットジャパン,Ｑ,,,,,,,,,,,,,,,,,,,,,,,,,
ディーピーティー(株),Ｒ,,,,,,,,,,,,,,,,,,1,,,,,,,
(株)テクニカフクイ,Ｅ,,,,,,,,,,,,,,,,,,,,,,,,,
(株)テクノカルチャー,Ｈ,,,,,,,,,,,,,,,,,,,,,,,,,
（株）テクノプロ,Ｅ,,,,,,,,,,,,,,,,,,,,,,,,,
デジタルファッション(株）,Ｇ,,,,,,,,,,,,,,,,,,,,,,,,,
テバ製薬(株),Ｅ,,,,,,,,,,,1,,,,,,,,,,,,,,
デュプロ北陸販売(株),Ｉ,,,,,,,,,,,,,,,,,,,,,,,,,
(株)電算システム,Ｇ,,,,,,,,,,,,,,,,,,,,,,,,,
(株)天晴データネット,Ｇ,,,,,,,,,,,,,,,,,,,,,,,,,
(株)デンソ－,Ｅ,,,1,,,,,,,,,,,,,,,,,,,,,,
（株）デンソークリエイト,Ｈ,,,,,,,,,,,,,,,,,,,,,,,,,
デンソーテクノ(株) ,Ｅ,,,1,,,,,,,,,,,,,,1,,,,,,,,
東海興業（株）,Ｅ,,,,,,2,,,,,,,,,,1,,,,,,,,,
東海挾範(株),Ｅ,,,,,,,,,,,,,,,,,,,,,,,,,
東海ゴム工業(株),Ｅ,,,,,,,,,,,,,,,,,,,,,,,,,
(株)東海スプリング製作所,Ｅ,,,,,,,,,,,,,,,,,,,,,,,,,
東海ソフト(株)　　　　　　　　　   ,Ｅ,,,,,,,,,,,,,,,,,,1,,,,,,,
(株)東海理化電機製作所,Ｅ,,,,,,,,,,,,,,,,,,,,,,,,,
東海旅客鉄道(株),Ｈ,,,,,,,,,,,1,,,,,,,,,,,,,,
（株）ドーガ,Ｇ,,,,,,,,,,,,,,,,,,,,,,,,,
東京エレクトロン山梨（株）,Ｅ,,,,,,1,,,,,,,,,,,,,,,,,,,
東京コンサルタンツ㈱,Ｄ,,,,,,,,,,,,,,,1,,,,,,,,,,
東京コンピューターサービス(株),Ｒ,,1,,,,,,,,,,,,,,,,,,,,,,,
東京製鋼,Ｅ,,,,,,,,,,,,,,,,,,,,,,,,,
東京システムズ(株)　　,Ｇ,,,,,,,,,,,,,,,,,,,,,,,,,
東京タングステン(株),Ｅ,,,,,,,,,,,,,,,,,,,,,,,,,
東京ドロウイング(株),Ｌ,,,,,,,,,,,1,,,,,,,,,,,,,,
東久(株),Ｅ,,,,,,,,,,,,,,,,,,,,,,,,,
東興薬品工業（株）,Ｅ,,,,1,,,,,,,,,,,,,,,,,,,,,
(株)東振　　　　　　,Ｅ,,,,,,,,,,,,,,,,,,,,,,,,,
東芝情報制御システム(株)      ,Ｇ,,,,,,,,,,,,,,,,,,,,,,,,,
東芝セラミックス(株)             ,Ｅ,,,,,,,,,,,,,,,,,,,,,,,,,
(株)トウネツ        ,Ｅ,,,,,,,,,,,,,,,,,,,,,,,,,
東北日本電気ソフトウエア(株)      ,Ｇ,,,,,,,,,,,,,,,,,,,,,,,,,
東洋機械金属(株),Ｅ,,,,,,,,,,,,,,,,,,,,,,,,,
東洋電機製造(株）,Ｅ,,,,,,,,,,,,,,,,,,,,,,,,,
東洋ゴム工業（株）　　　,Ｅ,1,,,,,1,,,,,,,,,,,,,,,,,,,
東洋ハーネス(株)　　　,Ｅ,,,,,,,,,,,,,,,,,,,,,,,,,
東陽理科学研究所  ,Ｅ,,,,,,,,,,,,,,,,,,,,,,,,,
(株)東知,Ｅ,,,,,,,,,,,,,,,,,1,,,,,,,,
東和工業(株),L,,,,,,,,,,,,1,,,,,,,,,,,,,
(株)トーエネック,Ｄ,,,,,,,,,,,,,,,,,,,,,,,,,
トーカイ(株),Ｑ,,,,,,,,,,,,,,,,,,,,,,,,,
トーテックアメニティ(株),Ｒ,,,,,,,,,,,,,1,,,,,1,,,,,,,
ＴＯＷＡ㈱,Ｅ,,,,,,,,,,,,,,,,1,,,,,,,,,
凸版印刷(株),Ｅ,,,,,,,,,,,,,,,,,,,,,,,,,
(株)豊幸,Ｅ,,,,,,,,,,,,,,,,,,,,,,,,,
豊興工業(株),Ｅ,,,,,,,,,,,,,,,,,,,,,,,,,
(株)トヨタコミュニケーションシステム,Ｈ,,,,,,,,,,,,,,,,,,,,,,,,,
トヨタ車体(株),Ｅ,,,,,,,,,,,,,,,,,,,,,,,,,
トヨタ情報システム愛知(株),Ｇ,,,,,,,,,,,,1,,,,,,,,,,,1,,
豊田合成(株),Ｅ,,1,,,,,,,,,,,,,,,,,,,,,,,
豊田鉄工(株),Ｅ,,,,,,,,,,,,,,,,,,,,,,,,,
トヨタ紡織(株),Ｅ,,1,,,,,,,,,,,,,,,,,,,,,,,
トヨタテクニカルディペロップメント(株),Ｌ,,1,,1,,,,,,,,,,,,,,,,,,,,,
トヨタプロダクションエンジニアリング,Ｑ,,,,,,,,,,,,,,,,,,,,,,,,,
(株)トランテックス,Ｈ,,,,,,,,,,,,,,,,1,,,,,,,,,
ドリームファクトリ,Ｇ,,,,,,,,,,,,,,,,,,,,,,,,,
酉島製作所,Ｅ,,,,,,,,,,,,,,,,,,,,,,,,,
(株)トレックス,Ｊ,,,,,,,,,,,,,,,,,,,,,,,,,
（株）土木管理総合試験所,Ｄ,,,,,,,,,,,,,,,,,,,,,,,,,1
ナカシャクリエイティブ(株),Ｈ,,,,,,,,,,,,,,,,,,,,,,,,,
中日本印刷(株),Ｅ,,,,,,,,,,,,,,,,,,,,,,,,,
中日本技研(株),Ｈ,,,,,,,,,,,,,,,,,,,,,,,,,
中日本ハイウェイ・エンジニアリング名古屋㈱,Ｄ,,,,,,,,,,,,,,,,,,,,1,,,,,2
長野電鉄(株) 　　,Ｇ,,,,,,,,,,,,,,,,,,,,,,,,,
長野日本無線エンジニアリング(株)    ,Ｅ,,,,,,,,,,,,,,,,,,,,,,,,,
中村科学工業㈱,Ｅ,,,,,,,,,,,,,,,,,,,,,,,,,
中村留精密工業(株),Ｅ,,,,,,,1,,,,,,,,,,,2,,,,,,,
中村ターンテック（株）,Ｅ,,,,,,,,,,,,,,,,,,,,,1,,,,
ナカモ(株),Ｅ,,,,1,,,,,,,,,,,,,,,,,,,,,
(株)ナカヨ通信機　　　　　　　　,Ｅ,,,,,,,,,,,,,,,,,,,,,,,,,
名古屋製酪(株),Ｅ,,,,1,,,,,,,,,,,,,,,,,,,,,
名古屋パルプ,Ｅ,,,,,,,,,,,,,,,,,,,,,,,,,
ナックグループ  　　　　　　   ,Ｅ,,,,,,,,,,,,,,,,,,,,,,,,,
(株)ナナオ,Ｅ,,,,,,,,,,,,,,,,,,,,,,,,,
ナベヤ(株),Ｅ,,,,,,,1,,,,,,,,,,,,,,,,,,
永島製作所,Ｅ,,,,,,,,,,,,,,,,,,,,,,1,,,
鍋屋バイテック(株),Ｅ,,,,,,,,,,,,,,,,,,,,,,,,,
南部化成(株),Ｅ,,,,,,,,,,,,,,,,,,,,,,,,,
新潟トランシス,Ｅ,,,,,,,,,,,,,,,,,,,,,,,,,
西垣林業（株）,Ｉ,,,,,,,,,,,,,,,,,,,,,,,,,1
西島(株),Ｅ,,,,,,,,,,,,,,,,,,,,,,,,,
(株)西島鉄工所,Ｅ,,,,,,,,,,,,,,,,,,,,,,,,,
西日本旅客鉄道(株）,Ｈ,,,,,,,1,,,,,,,,1,,,,,1,,,,,1
(株）西原ネオ,Ｅ,,,,,,,,,,,,,,,,1,,,,,,,,,
日亜化学工業 (株）,Ｅ,,,,,,,,,1,,,,,,,,,,,,,,,,
ニチコン(株),Ｅ,,,,,,,,,,,,,,,,,,,,,,,,,
(株)日南,Ｅ,,,,,,,,,,,,,,,,,,,,,,,,,
日産化学工業(株),Ｅ,,,,,,,,,,,,,,,,,,,,,,,,,
(株)日産テクノ,Ｇ,,,,,,,,,,,,,,,,,,,,,,,,,
日信工業(株),Ｅ,,,,,,,,,,,,,,,,,,,,,1,,,,
(株)ニッソーサービス,Ｅ,,,,,,,,,,,,,,,,,,,,,,,,,
日総興産(株),Ｇ,,,,,,,,,,,,,,,,,,,,,,,,,
(株)ニッパ,Ｅ,1,,,,,,,,,,,,,,,,,,,,,,,,
(株)ニッポンジーン,Ｅ,,,,1,,,,,1,,,,,,,,,,,,,,,,
コマツＮＴＣ（旧　日平トヤマ）　　　　　　　　　,Ｅ,,,,,,,,,,,,,,,,,,,,,,,,,
日邦産業(株),Ｅ,,,,,,,,,,,,,,,,,,,,,,,,,
ニデック(株),Ｅ,,,,,,,,,,,,,,,,,,,,,,,,,
日本安全産業(株),Ｅ,,,,,,,,,,,,,,,,,,,,,,,,,
日本板硝子,Ｅ,,,,,,,,,,,,,,,,,,,,,,,,,
日本オーチス・エレベータ(株),Ｅ,,,,,,,,,,,,,,,,,,,,,,,,,
日本カーボン(株),Ｅ,,,,,,,,,,,,,,,,,,,,,,,,,
日本重化学工業(株) ,Ｅ,,,,,,,,,,,,,,,,,,,,,,,,,
日本ケーブル・システム(株),Ｅ,,,,,,,,,,,,,,,,,,,,,,,,,
日本コーテッドアブレーシブ(株)    　　,Ｅ,,,,,,,,,,,,,,,,,,,,,,,,,
日本高周波鋼業,Ｅ,,,,,,,,,,,,,,,,,,,,,,,,,
日本原子力防護システム(株),Ｄ,,,,,,,,,,,,,1,,,,,,,,,,,,
日本コンピュータサイエンス(株)  ,Ｇ,,,,,,,,,,,,,,,,,,,,,,,,,
日本コンピュータ･システム(株),Ｇ,,,,,,,,,,,,,,,,,,,,,,,,,
日本サーボ(株) 　　,Ｅ,,,,,,,,,,,,,,,,,,,,,,,,,
日本サーキット工業(株)       ,Ｇ,,,,,,,,,,,,,,,,,,,,,,,,,
日本食研,Ｅ,,,,,,,,,,,,,,,,,,,,,,,,,
日本生命相互会社  ,Ｊ,,,,,,,,,,,,,,,,,,,,,,,,,
(株) 日本テクシード,Ｒ,,,,,,,,1,,,,,,,,,,,,,,,,,
日本データコントロール,Ｇ,,,,,,,,,,,,,,,,,,,,,,,,,
日本電気通信システム(株)      ,Ｇ,,,,,,,,,,,,,,,,,,,,,,,,,
日本電気マイコンテクノロジー(株)  ,Ｇ,,,,,,,,,,,,,,,,,,,,,,,,,
日本電産（株）,Ｅ,,,,,,1,,,,,,,,,,,,,,,,,,,
日本電子開発(株) 　,Ｈ,,,,,,,,,,,,,,,,,,,,,,,,,
日本電話施設(株),Ｄ,,,,,,,,,,,,,,,,,,,,,,,,,
日本ビジネス開発(株)　,Ｇ,,,,,,,,,,,,,,,,,,,,,,,,,
(株)日本プラスト　　　,Ｅ,,,,,,,,,,,,,,,,,,,,,,,,,
日本プロファイル工業(株)  ,Ｅ,,,,,,,,,,,,,,,,,,,,,,,,,
日本マイヤ－(株) 　,Ｅ,,,,,,,,,,,,,,,,,,,,,,,,,
(株)日本マイクロシステム,Ｅ,,,,,,,,,,,,,,,,,,,,,,,,,
日本マクドナルド　,Ｉ,,,,,,,,,,,,,,,,,,,,,,,,,
日本マリンテクノ(株)       ,Ｅ,,,,,,,,,,,,,,,,,,,,,,,,,
(株)日本ロック,Ｅ,,,1,,,,,,,,,,,,,,1,,,,,,,,
(株)ニューメディア総研,Ｇ,,,1,,,,,,,,,,,,,,,,,,,,,,
ネオ製薬工業（株）,Ｅ,,,,,,,,,1,,,,,,,,,,,,,,,,
(株)ネクスコ・エンジニアリング新潟,Ｄ,1,,,,,,,,,,,,,,,,,,,,,,,,
(株)ノエビア　　　　,Ｅ,,,,,,,,,,,,,,,,,,,,,,,,,
ノーリツ鋼機(株)　　　,Ｅ,,,,,,,,,,,,,,,,,,,,,,,,,
(株)能登　　　　　　　,Ｅ,,,,,,,,,,,,,,,,,,,,,,,,,
ノックスデータ,Ｇ,,,,,,,,,,,,,,,,,,,,,,,,,
野原電研(株)　　　　　,Ｅ,,,,,,,,,,,,,,,,,,,,,,,,,
(株)野村精一会計事務センター,Ｐ,,,,,,,,,,,,,,,,,,,,,,,,,
ハイウェイ・ト－ル・システム㈱,Ｌ,,,,,,,1,,,,,,,,,,,,,,,,,,
(株)パイロット　　　,Ｅ,,,,,,,,,,,,,,,,,,,,,,,,,
(株)ハイテック　　　,Ｈ,,,,,,,,,,,,,,,,,,,,,,,,,
ハイテクシステム（株）,Ｇ,,,,,,,,1,,,,,,,,,,,,,,,,,
（株）ハイン,Ｒ,,,,,,,1,,,,,,,,,,,,,,,,,,
パスカル,Ｈ,,,,,,,,,,,,,,,,,,,,,,,,,
パスカルエンジニアリング,Ｅ,,,,,,,,,,,,,,,,,,,,,,,,,
パナソニックシステムソリューションズ(株)(旧松下システムソリューションズ）,Ｈ,,,,,,,,,,,,,,,,,,,,,,,,,
パナソニックセミコンダクターエンジニアリング(株),Ｅ,,,,,,,,,,,,,,,,,,,,,,,,,
パナソニック半導体システムテクノ(株),Ｇ,,,,,,,,,,,,,,,,,,,,,,,,,
パナソニックフォト・ライティング(株)（旧ウエスト電気）,Ｅ,,,,,,,,,,,,,,,,,,,,,,,,,
(株)畑山製衡所        ,Ｅ,,,,,,,,,,,,,,,,,,,,,,,,,
八十二システム開発(株),Ｑ,,,,,,,,,,,,,,,,,,1,,,,,1,,
発紘電機(株)　　　　　,Ｅ,,,,,,,,,,,,,,,,,,,,,,,,,
パナソニック（旧松下電器産業）,Ｅ,,,,,,,,,,,,,,,,,,,,,,,,,
浜名湖電装(株),Ｅ,,,,,,,,,,,,,,,,,,,,,,,,,
浜名部品工業(株),Ｅ,,,,,,,,,,,,,,,,,,,,,,,,,
原田通信(株)　　　　　,Ｅ,,,,,,,,,,,,,,,,,,,,,,,,,
(株)バンテクノ　　　　　　　　　　　,Ｑ,,,,,,,,,,,,,,,,,,,,,,,,,
(株)ハンシン建設　　,Ｅ,,,,,,,,,,,,,,,,,,,,,,,,,
(株)ピーエスジー,Ｑ,,,,,,,,,,,,,,,,,,,,,,,,,
(株)ＰＦＵ,Ｇ,,,,,,,,,,,,1,,,,,,,,,,,,,
(株)ＰＦＵソフトウエアラボラトリ,Ｇ,,,,,,,,,,,,,,,,,,,,,,,,,
(株）ＢＢＳ金明,Ｅ,,,,,,,,,,,,,,,,,,,,,,,,,
(株)柊ソフト開発,Ｇ,,,,,,,,,,,,1,,,,,,,,,,,,,
(株)ＢＰＡ,Ｈ,,,,,,,,,,,,,,,,,,,,,,,,,
日置電機(株)　　　　　,Ｅ,,,,,,,,,,,,,,,,,,,,,,,,,
（株)光製作所,Ｅ,,,,,,,,,,,,,,,,,,,,,,,,,
(株)樋口製作所,Ｅ,,,,,,,,,,,,1,,,,,,,,,,,,,
久野金属工業(株)　　　　　　　　　　　　　,Ｅ,,,,,,,,,,,,,,,,,,,,,,,,,
（株）ビーシーシー,Ｇ,,,,,,,,1,,,,,,,,,,,,,,,,,
(株)ビジュアルソフト,Ｇ,,,,,,,,,,,,,1,,,,,,,,,,,,
(株)日立ＩＥシステム,Ｅ,,,,,,,,,,,,,,,,,,,,,,,,,
日立エーアイシー(株)　　　              ,Ｅ,,,,,,,,,,,,,,,,,,,,,,,,,
(株)日立エンジニアリングサービス　　　　　　,Ｅ,,,,,,,,,,,,,,,,,,,,,,,,,
日立機電工業(株) 　,Ｅ,,,,,,,,,,,,,,,,,,,,,,,,,
(株)日立国際電気 ,Ｅ,,,,,,,1,,,,,,,,,,,,,,,,,,
(株)日立国際電気エンジニアリング      (旧国際電気アルファ）,Ｅ,,,,,,,,,,,,,,,,,,,,,,,,,
日立建機ビジネスフロンティア（株）,Ｇ,,,,,,,1,,,,,,,,,,,,,,,,,,
(株)日立システムアンドサービス,Ｇ,,,,,,,,,,,,,,,,,,,,,,,,,
(株)日立情報システムズ　,Ｇ,,,1,,,,,,,,,,,,,,,,,,,,,,
日立ソフトウエアエンジニアリング(株) ,Ｇ,,,,,,,,,,,,,,,,,,,,,,,,,
日立ツール(株),Ｅ,,,,,,,,,,,,,,,,,,,,,,,,,
(株)日立プラントテクノロジー         (旧日立テクノエンジニアリング・日立プラント建設）,Ｅ,,,,,,,,,,,,,,,,,,,,,,,,,
日立電子サービス(株)  ,Ｈ,,,,,,,,,,,,,,,,,,,,,,,,,
(株)日立西エンジニアリングサービス         ,Ｅ,,,,,,,,,,,,,,,,,,,,,,,,,
(株)日立ハウステック,Ｅ,,,,,,,,,,,,,,,,,,,,,,,,,
(株)日立ビルシステム                       (旧日立ビル施設エンジニアリング）      ,Ｅ,,,,,,,,,,,,,,,,,,,,,,,,,
日立物流ソフトウェア(株),Ｑ,,,,,,,,,,,,,,,,,,,,,,,,,
日立プラント建設サービス(株),Ｅ,,,,,,,,,,,,,,,,,,,,,,,,,
ひまわりネットワーク,Ｈ,,,,,,,,,,,,,,,,,,,,,,,,,
(株)ヒミカ,Ｇ,,,,,,,,,,,,,1,,,,,,,,,,,,
広島エルピーダメモリ(株)                      (旧広島日本電気）,Ｅ,,,,,,,,,,,,,,,,,,,,,,,,,
(株)ブレイン　　　　,Ｈ,,,,,,,,,,,,,,,,,,,,,,,,,
ファインフーズ,Ｅ,,,,,,,,,,,,,,,,,,,,,,,,,
(株)ファブリカトヤマ,Ｅ,,,,,,1,,,,,,,,,,,,,,,,,,,
（株）ファルコバイオシステムズ,Ｒ,,,,,,,,,,,,,,,,,,,,,,,,,
フェニテックセミコンダクター,Ｅ,,,,,,,,,,,,,,,,,,,,,,,,,
フォスター電機(株),Ｅ,,,,,,,,,,,,1,,,,,,,,,,,,,
(株)フォーラム・エンジニアリング　  ,Ｒ,,,,,,,,1,,1,,,1,,,,,,,,1,,,,
福井コンピュータ(株) ,Ｇ,,,,,,,,,,,,,,,,,,,,,,,,,
福井システムズ(株) ,Ｇ,,,,,,,,,,,,,,,,,,,,,,,,,
(株)福井鉄工所　　　,Ｅ,,,,,,,,,,,,,,,,,,,,,,,,,
福井めがね工業(株) ,Ｅ,,,,,,,,,,,,,,,,,,,,,,,,,
(株)福島情報処理センター,Ｇ,,,,,,,,,,,,,,,,,,,,,,,,,
福伸電機(株),Ｅ,,,,,,,,,,,,,,,,,,,,,,,,,
フクダ電子北陸販売(株),Ｉ,,,,,,,,,,,,,,,,,,,,,,,,,
不二化学薬品(株)   ,Ｉ,,,,,,,,,,,,,,,,,,,,,,,,,
富士製薬工業(株) 　,Ｅ,,,,,,,,,,,,,,,,,,,2,,,,,,
富士機械製造(株) 　,Ｅ,,,,,,,,,,,,,,,,,,,,,,,,,
富士機工(株),Ｅ,,,,,,1,,,,,,,,,,,,,,,,,,,
フタバ産業(株),Ｅ,1,,,,,,,,,,,,,,,,,,,,,,,,
藤沢メディカルシステム(株) ,Ｇ,,,,,,,,,,,,,,,,,,,,,,,,,
富士重工業(株),Ｅ,,,,,,,,,,,,,,,,,,,,,,,,,
富士ゼロックス北陸(株)                                   (旧北陸ゼロックス）　　　　　  ,Ｇ,,,,,,,,,,,,,,,,,,,,,,,,,
富士ゼロックスマニファクチュアリング（株）,Ｅ,,,,,,1,,,,,,,,,,,,,,,,,,,
富士ソフト(株)(旧富士ソフトＡＢＣ）,Ｇ,,,,,,,,,,,,,,,,,,,,,,,,,
（株）富士通ＩＴプロダクツ,Ｇ,,,,,,,,,,,,,,,,,,,,,,,,,
(株)富士通エフサス                                    (旧富士通サポートアンドサービス）   ,Ｇ,,,,,,,,,,,,,,,,,,,,,,,,,
(株)富士通長野システムエンジニアリング,Ｇ,,1,,,,,,,,,,,,,,,,,,,,,,,
(株)富士通新潟システムズ      ,Ｇ,,,,,,,,,,,,,,,,,,,,,,,,,
富士通ＶＬＳＩ(株) ,Ｇ,,,,,,,,,,,,,,,,,,,,,,,,,
(株)富士通北陸システムズ,Ｇ,,,,,,,,2,,,,,,,,,,1,,,,,,,
富士電子工業,Ｅ,,,,,,,,,,,,,,,,,,,,,,,,,
(株)富士薬品,Ｅ,,,,,,,,,,,,,,1,,,,,2,,,,,,
(株)フジミインコーポレーテッド　 ,Ｅ,,,,,,,,,,,,,,,,,,,,,,,,,
古河ＡＳ(株),Ｅ,1,,,,,,,,,,,,,,,,,,,,,,,,
扶桑工機(株),Ｅ,,,,,,,,,,,,,,,,,,,,,,,,,
船井電機(株)       ,Ｅ,,,,,,,,,,,,,,,,,,,,,,,,,
ヒューマンエンジニアリングアンドロボティックス,Ｇ,,,,,,,,,,,,,,,,,,,,,,,,,
(株)フルキャストテクノロジー                                (旧フルキャストウイズ）,Ｇ,,,1,,,,,,,,,,,,,,,,,,,,,,
（株）プレステージ・インターナショナル,Ｑ,,,,,,,,,,,,,,,,,,,,,,,1,,
（株）ブルボン,Ｅ,,,,,,,,,,,,,,,,,,,,,,,,,
(株)別川製作所                    ,Ｅ,,,,,,,,,,,,,,,,,,,,,,,,,
兵神装備(株) 　　　,Ｅ,,,,,,,,,,,,,,,,,,,,,,,,,
ベルソニカ,,,,,,,,,,,,,,,,,,,,,,,,,,
(株)ベンチャ－セーフネット      ,Ｈ,,,,,,,,,,,,,,,,,,,,,,,,,
(株)ベンリーコーポレーション,Ｑ,,,,,,,,,,,,,,,,,,,,,,,,,
（株）ＢＥＸ,Ｒ,,,,,,,,,,,,,,,,,,,,,1,,,,
豊和工業（株）,Ｅ,,,,,,1,,,,,,,,,,,,,,,,,,,
ホーチキ(株) 　　　,Ｅ,,,,,,,,,,,,,,,,,,,,,,,,,
ホクショー(株),Ｇ,,,,,,,,,,,,,1,,,,,,,,,,,,
北陸通信工業(株) 　,Ｇ,,,,,,,,,,,,,1,,,,,,,,,,,,
北陸通信ネットワーク(株),Ｇ,,,,,,,,,,,,,,,,,,1,,,,,,,
北陸セルラー電話(株)     ,Ｇ,,,,,,,,,,,,,,,,,,,,,,,,,
北陸電話工事(株)   ,Ｅ,,,,,,,,,,,,,,,,,,1,,,,,,,
北陸ハーネス,Ｅ,,,,,,,,,,,,,,,,,,,,,,,,,
北陸松下システム(株) 　,Ｉ,,,,,,,,,,,,,,,,,,,,,,,,,
北菱電興（株）,Ｅ,,,,,,1,,,,,,,,,,,,,,,,,,,
ホシザキ東海(株)　　　,Ｉ,,,,,,,,,,,,,,,,,,,,,,,,,
ホシザキ北信越(株)　　,Ｉ,,,,,,,,,,,,,,,,,,,,,,,,,
(有)ＢＯＳＳグループ,Ｑ,,,,,,,,,,,,,,,,,,,,,,,,,
ボスシステム(株) 　,Ｈ,,,,,,,,,,,,,,,,,,,,,,,,,
ホシデン（株）,Ｅ,,,,,,1,,,,,,,,,,,,,,,,,,,
ホシデンエフ・ディ(株),Ｅ,,,,,,,,,,,,,,,,,1,,,,,,,,
(株)ポラテクノ,Ｅ,,1,,,,,,,,,,,,,,,,,,,,,,,
ポリマー化成(株)　                 ,Ｅ,,,,,,,,,,,,,,,,,,,,,,,,,
(株)ホロンシステム,Ｇ,,,,,,,,,,,,,,,,,,1,,,,,,,
（株）ホワイトハウス,Ｑ,,,,,,,,,,,,,,,,,,,,,,1,,,
本田技研工業(株)   ,Ｅ,,,,,,,,,,,,,,,,,,,,,,,,,
本部三慶（株）,Ｅ,,,,,,,,,,,,,,,,,,,,,,,,,
本間工業(株),Ｅ,,,,,,,,,,,,,,,,,,,,,,,,,
本間コンクリート（株）,Ｅ,,,,,,,,,,,,,,,,,,,,,,,1,,
妹尾旭工業(株) 　　,Ｅ,,,,,,,,,,,,,,,,,,,,,,,,,
マキノＪ(株)　　　　　　　　　　  ,Ｅ,,,,,,,,,,,,,,,,,,,,,,,,,
（株）マキタ,Ｅ,,,,,,,,,,,,,,,,,,,,,1,,,,
マスプロ電工（株）,Ｅ,,,,,,,,,,,,,,,,,,,,,,,,,
(株)牧野フライス製作所,Ｅ,,,,,,,,,,,,,,,,,,,,,,,,,
㈱松尾製作所,Ｅ,,,,,,,,,,,,,,,,1,,,,,,,,,
(株)松浦機械製作所,Ｅ,,,,,,1,,,,,,,,,,,,,,,,,,,
（株）松村組,Ｄ,,,,,,,,,,,,,,,,,,,,,,,,,1
(株)マツバラ,Ｅ,,1,,,,,,,,,,,,,,,,,,,,,,,
(株)丸井織物,Ｅ,,,,,,,1,,1,,,,,,,,,,,,,,,,
丸順(株),Ｅ,,,,,,,,,,,,,,,,,,,,,,,,,
(株)丸仁,Ｅ,1,,,,,,,,,,,,,,,,,,,,,,,,
（株）マルハン,Ｑ,,,,,,,,,,,,,,,,,,,,,,,,,
(株)丸菱　　　　　　　　　　 ,Ｉ,,,,,,,,,,,,,,,,,,,,,,,,,
丸文(株),Ｉ,,,,,,,,,,,,,,,,,,,,,,,,,
(株)丸和セラミックス,Ｅ,,,,,,,,,,,,,,,,,,,,,,,,,
三鈴テクニクス,Ｅ,,,,,,,,,,,,,,,,,,,,,,,,,
三谷産業(株),Ｉ,,,,,,,,,,,,,,,,,,,,,,,,,
三谷商事(株),Ｉ,,,,,,,,,,,,,,,,,,,,,,,,,
三菱電機セミコンダクターソフトウエア(株),Ｈ,,,,,,,,,,,,,,,,,,,,,,,,,
三菱自動車エンジニアリング,Ｑ,,,,,,,,,,,,,,,,,,,,,,,,,
三菱電機エンジニアリング(株),Ｌ,,1,,,,,,,,,,,,,,,,,,,,,,,
三菱電機ビルテクノサービス(株),Ｒ,,,,,,2,,,,,,,,,,,,,,,,,,,
三菱ＵＦＪモルカン・スタンレー証券（株）,Ｊ,,,,,,,,,,,,,,,,,,,,,,,,1,
ミツワ電子(株),Ｈ,,,,,,,,,,,,,,,,,,,,,,,,,
ＳＵＳ（株）,Ｅ,,,,,,,,,,,,,,,,,,,,,,,,,
(株)南鉄工所,Ｅ,,,,,,,,,,,,1,,,,,,,,,,,,,
宮川興業(株),Ｅ,,,,,,,,,,,,,,,,,,,,,,,,,
(株)三幸製作所,Ｅ,,,,,,,,,,,,,,,,1,,,,,,,,,
ミルコン,Ｅ,,,,,,,,,,,,,,,,,,,,,,,,,
武蔵精密工業,Ｅ,,,,,,,,,,,,,,,,,,,,,,,,,
(株)ムトーテクノサービス,Ｅ,,,,,,,,,,,,,,,,,,,,,,,,,
ムトー精工(株),Ｅ,1,2,,,,,,,,,,,,,,,,,,,,,,,
村上大理石,Ｅ,,,,,,,,,,,,,,,,,,,,,,,,,
村田機械,Ｅ,,,,,,,,,,,,,,,,,,,,,,,,,
（株）メイケイ,Ｇ,,,,,,,,,,,,,,,,,,1,,,,,,,
名工建設（株）,Ｄ,,,,,,,,,,,,,,,1,,,,,,,,,,1
明興工業㈱,Ｅ,,,,,,,,,,,,,,,,,,,,,,,,,
明陽電機㈱,Ｅ,,,,,,,,,,,,,,,,,,,,,1,,,,
明治ナショナル工業(株),Ｅ,,,,,,,,,,,,,,,,,,,,,,,,,
明生システムサービス(株),Ｈ,,,,,,,,,,,,,,,,,,,,,,,,,
(株)名鉄情報システム,Ｇ,,,,,,,,1,,,,,,,,,,,,,,,,,
(株)メイテック　　　　　　 ,Ｈ,,,,,,,,,,,,,,,,,,,,,,,,,
メイテックフィルダーズ,Ｑ,,,,,,,,,,,,,,,,,,,,,,,,,
明和工業(株),Ｅ,,,,,,,,,,,,,,,,,1,,,,,,,,
(株)メガチップス,Ｈ,,,,,,,,,,,,,,,,,,,,,,,,,
(株)メディコム,Ｇ,,,,,,,,,,,,,,,,,,1,,,,,,,
(株)メルコ,Ｅ,,,,,,,,,,,,,,,,,,,,,,,,,
モビテック,Ｑ,,,,,,,,,,,,,,,,,,,,,,,,,
森尾電機(株),Ｅ,,,,,,,,,,,,,,,,,,,,,,,,,
森精機製作所,Ｅ,,,,,,,,,,,,,,,,,,,,,,,,,
(株)モリタ,Ｅ,,,,,,,,,,,,,,,,,,,,,,,,,
森永北陸乳業(株),Ｅ,,,,1,,,,,2,,,,,,,,,,,,,,,,
森松工業(株)                     ,Ｅ,,,,,,,,,,,,,,,,,,,,,,,,,
矢崎化工(株),Ｅ,,,,,,1,1,,,,,,,,,,,,,,,,,,
矢崎総業（株）,Ｅ,,,,,,,,,,,,,,,,,,,,,,,,1,
（株）安永,Ｅ,,,,,,1,,,,,,,,,,,,,,,,,,,
山一精工(株),Ｅ,,,,,,,,,,,,,,,,,,,,,,,,,
ヤマウチマテックス(株)　,Ｅ,,,,,,,,,,,,,,,,,,,,,,,,,
山岸機業(株),Ｅ,,,,,,,,,,,,,,,,,,,,,,,,,
ヤマザキマザック(株),Ｅ,2,,,,,,,,,,,,,,,,,,,,,,,,
ヤマトエスロン,Ｅ,,,,,,,,,,,,,,,,,,,,,,,,,
(株)山崎屋,Ｉ,,,,,,,,,,,,,,,,,,,,,,,,,
山田建築,Ｅ,,,,,,,,,,,,,,,,,,,,,,,,,
(株)やまひろ,Ｅ,,,,,,,,,1,,,,,,,,,,,,,,,1,
矢作建設工業(株),Ｄ,,,,,,,,,,,,,,,,,,,,1,,,,,
矢作産業(株),Ｄ,,,,,,,,,,,,,,,,1,,,,,,,,,
八千代エンジニアリング（株）,Ｌ,,,,,,,,,,,,,,,,,,,,,,,,,
雪国まいたけ,Ａ,,,,,,,,,,,,,,,,,,,,,,,,,
(株）湯山製作所,Ｅ,,,,,,,,,,,,,,,,,,,,,,1,,,
ＵＴエイム(株),Ｒ,,,,,,,,,,,,,1,,,,,,,,,,,,
（株）ユーシン精機,Ｅ,,,,,,,,,,,,,,,,,,,,,1,,,,
ユニアデックス（株）,Ｇ,,,,,,,,,,,,,,,,,,,,,,,1,,
ユニシステム(株),Ｑ,,,,,,,,,,,,,,,,,,,,,,,,,
(株)ユニバンズ  ,Ｅ,,,,,,,,,,,,,,,,,,,,,,,,,
(株)ヨシオ工業　　    ,Ｅ,,,,,,,,,,,,,,,,,,,,,,,,,
吉富製薬(株),Ｅ,,,,,,,,,,,,,,,,,,,,,,,,,
(有)吉中精工,Ｅ,,,,,,,,,,,,,,,,,,,,,,,,,
米沢電気工事(株),Ｅ,,,,,,,,,,,,,,,,,,,,,,,,,
(株)ヨロズ,Ｅ,,,,,,,,,,,,,,,,1,,,,,,,,,
ライオンパワ－(株) ,Ｅ,,,,,,,,,,,,,,,,,,1,,,,,,,
ライン工業(株),Ｅ,,,,,,,,,,,,,,,,,,,,,,,,,
理科研（株）,Ｅ,,,,,,,,,1,,,,,1,,,,,2,,,,,,
理研産業(株),Ｅ,,,,1,,,,,,,,,,,,,,,,,,,,,
リクルートスタッフィング,Ｑ,,,,,,,,,,,,,,,,,,,,,,,,,
リコーソフトウェア（株）,Ｇ,,,,,,,,,,,,,,,,,,,,,,,,,
リコーテクノシステムズ㈱,Ｑ,,,,,,,,,,,,,,,,,,,,,,,,,
(株)リニア・サーキット,Ｇ,,,,,,,,,,,,,,,,,,1,,,,,,,
利高工業(株),Ｅ,,,,,,,,,,,,,,,,,,,,,,,,,
理想科学工業(株),Ｅ,,,,,,,,,,,,,,,,,,,,,,,,,
菱電セミコンダクタシステムエンジニアリング(株),Ｅ,,,,,,,,,,,,,,,,,,,,,,,,,
(株)菱友システムズ《旧菱友計算(株)》 　　　,Ｇ,,,,,,,,,,,,,,,,,,,,,,,,,
リンナイ(株),Ｅ,,,,,,,,,,,,,,,,,,,,,,,,,
ルビコン(株)       ,Ｅ,,,,,,,,,,,,,,,,,,,,,,,,,
(株)レックス,Ｒ,,,,,,,,,,,,,,,,,,,,1,,,,,
(株)レッドバロン,Ｉ,,,,,,,,,,,,,,,,,,,,,,,,,
ローム(株),Ｅ,,,,,,,,,,,,,,,,,,,,,,,,,
ＹＫＫ(株),Ｅ,,,,,,1,,,,,,,1,,,,,,,,,,1,,
(株)和井田製作所　　,Ｅ,,,,,,,,,,,,,,,,,,,,,,,,,
ＹＫＫーＡＰ(株),Ｅ,,,,,,,,,,,,,,,,,,,,,1,,,,
(株)ワウエンターテイメント,Ｈ,,,,,,,,,,,,,,,,,,,,,,,,,
わかもと製薬（株）,Ｅ,,,,,,,,,,,,,,,,,,,1,,,,,,
和光技研工業(株)              ,Ｅ,,,,,,,,,,,,,,,,,,,,,,,,,
㈱和楽,Ｉ,,,,,,,,,,,,,,,,,,,1,,,,,,
(株)ワシノエンジニアリング        ,Ｅ,,,,,,,,,,,,,,,,,,,,,,,,,
,,,,,,,,,,,,,,,,,,,,,,,,,,
警視庁,Ｓ,,,,,,,,,,,,,,,1,,,,,,,,,,
名古屋税関,Ｓ,,,,,,,,,,,,,,,,,,,,,,,,,
陸上自衛隊,Ｓ,,,,,,,,,,,,,,,,,,,,,,,,,
航空自衛隊,Ｓ,,1,,,,,,,,,,,,,,,,,,,,,,,
郵政省,Ｓ,,,,,,,,,,,,,,,,,,,,,,,,,
国土交通省中部地方整備局,Ｓ,,,,,,,,,,,,,,,,,,,,1,,,,,
国土交通省北陸地方整備局,Ｓ,,,,,,,,,,,,,,,,,,,,1,,,,,
東京都庁,Ｓ,,,,,,,,,,,,,,,1,,,,,1,,,,,
愛知県警察,Ｓ,,,,,,,,,,,,,,,2,,,,,,,,,,1
石川県警察,Ｓ,,,,,,,,,,,,,,,,,,,,,,,,,
埼玉県警察,Ｓ,,,,,,,,,,,,,,,,,,,,,,,,,
滋賀県警察,Ｓ,,,,,,,,,,,,,,,,,,,,,,,,,
三重県警察,Ｓ,,,,,,,,,,,,,,,,,,,,,,,,,
長野県警,Ｓ,,,,,,,,,,,,,,,,,,,1,,,,,,
岐阜県庁,Ｓ,,,,,,,,,,,,,,,,,,,,1,,,,,1
神戸市役所,Ｓ,,,,,,,,,,,,,,,,,,,,,,,,,
金沢市役所,Ｓ,,,,,,,,,,,,,,,2,,,,,1,,,,,
長野市役所,Ｓ,,,,,,,,,,,,,,,1,,,,,,,,,,
名古屋市役所,Ｓ,,,,,,,,,,,,,,,,,,,,1,,,,,
豊川市役所,Ｓ,,,,,,,,,,,,,,,1,,,,,,,,,,
蒲郡市役所,Ｓ,1,,,,,,,,,,,,,,,,,,,,,,,,1
兵庫県市川町役場,Ｓ,,,,,,,,,,,,,,,,,,,,,,,,,
美作町役場,Ｓ,,,,,,,,,,,,,,,,,,,,,,,,,
福井県美浜町役場,Ｓ,,,,,,,,,,,,,1,,,,,,,,,,,,
尾三消防,Ｓ,,,,,,,,,,,,,,,,,,,,,,,,,
新潟県糸魚川地域広域行政組合消防本部,Ｓ,,,,,,,,,,,,,,,,,,,,,,,,,
新潟県下水道公社,Ｓ,,,,,,,,,,,,,,,,,,,,,,,,,
海上保安大学校,Ｓ,,,,,,,,,,,,,,,,,,,,,1,,,,
本州四国連絡橋公団,Ｓ,,,,,,,,,,,,,,,,,,,,,,,,,
新発田市役所,Ｓ,,,,,,,,,,,,,,,,,,,,,,,,,